{"cameraMode":{"drawMode":0,"name":"Shaded","section":"Shading Mode"},"sceneLighting":false,"audioPlay":false,"sceneViewState":{"showFog":true,"showMaterialUpdate":false,"showSkybox":true,"showFlares":true,"showImageEffects":true,"showParticleSystems":true},"in2DMode":false,"pivot":{"x":-0.3476419448852539,"y":-0.08239865303039551,"z":-1.0609276294708253},"rotation":{"x":-0.10366543382406235,"y":0.7369504570960999,"z":-0.11613767594099045,"w":-0.6577845811843872},"size":9.914366722106934,"orthographic":false}