{"cameraMode":{"drawMode":0,"name":"Shaded","section":"Shading Mode"},"sceneLighting":false,"audioPlay":false,"sceneViewState":{"showFog":true,"showMaterialUpdate":false,"showSkybox":true,"showFlares":true,"showImageEffects":true,"showParticleSystems":true},"in2DMode":false,"pivot":{"x":0.39280131459236147,"y":0.4621211886405945,"z":0.0},"rotation":{"x":-0.2546530067920685,"y":-0.07620608061552048,"z":0.020135222002863885,"w":-0.9638198018074036},"size":9.2664794921875,"orthographic":false}